{"cameraMode":{"drawMode":0,"name":"Shaded","section":"Shading Mode"},"sceneLighting":false,"audioPlay":false,"sceneViewState":{"showFog":false,"showMaterialUpdate":true,"showSkybox":false,"showFlares":true,"showImageEffects":true,"showParticleSystems":true},"in2DMode":false,"pivot":{"x":-2.6029796600341799,"y":0.8821476101875305,"z":24.99997329711914},"rotation":{"x":0.17937038838863374,"y":0.000617444864474237,"z":-0.0003477792488411069,"w":0.9838618636131287},"size":3.479536294937134,"orthographic":false}