{"cameraMode":{"drawMode":0,"name":"Shaded","section":"Shading Mode"},"sceneLighting":false,"audioPlay":false,"sceneViewState":{"showFog":false,"showMaterialUpdate":true,"showSkybox":false,"showFlares":true,"showImageEffects":true,"showParticleSystems":true},"in2DMode":false,"pivot":{"x":147.6380615234375,"y":4.777571201324463,"z":62.95000076293945},"rotation":{"x":0.191842719912529,"y":-0.702116072177887,"z":0.2059297263622284,"w":0.6540833711624146},"size":1.8436403274536133,"orthographic":false}