{"cameraMode":{"drawMode":0,"name":"Shaded","section":"Shading Mode"},"sceneLighting":false,"audioPlay":false,"sceneViewState":{"showFog":false,"showMaterialUpdate":true,"showSkybox":false,"showFlares":true,"showImageEffects":true,"showParticleSystems":true},"in2DMode":false,"pivot":{"x":-2.5903639793395998,"y":0.8187770843505859,"z":22.595317840576173},"rotation":{"x":-0.0025730086490511896,"y":0.9929818511009216,"z":-0.11734280735254288,"w":-0.01938878931105137},"size":4.116804122924805,"orthographic":false}