{"cameraMode":{"drawMode":0,"name":"Shaded","section":"Shading Mode"},"sceneLighting":false,"audioPlay":false,"sceneViewState":{"showFog":false,"showMaterialUpdate":true,"showSkybox":false,"showFlares":true,"showImageEffects":true,"showParticleSystems":true},"in2DMode":false,"pivot":{"x":-8.768575668334961,"y":25.745933532714845,"z":-21.509998321533204},"rotation":{"x":0.020886192098259927,"y":-0.6800404787063599,"z":-0.019388435408473016,"w":-0.7326229214668274},"size":2.507864475250244,"orthographic":false}