{"cameraMode":{"drawMode":0,"name":"Shaded","section":"Shading Mode"},"sceneLighting":false,"audioPlay":false,"sceneViewState":{"showFog":false,"showMaterialUpdate":true,"showSkybox":false,"showFlares":true,"showImageEffects":true,"showParticleSystems":true},"in2DMode":false,"pivot":{"x":-0.08600079268217087,"y":0.1429053246974945,"z":1.2642743587493897},"rotation":{"x":-0.012315305881202221,"y":0.9772753715515137,"z":-0.20402686297893525,"w":-0.05754217132925987},"size":1.8879356384277344,"orthographic":false}