{"cameraMode":{"drawMode":0,"name":"Shaded","section":"Shading Mode"},"sceneLighting":false,"audioPlay":false,"sceneViewState":{"showFog":false,"showMaterialUpdate":true,"showSkybox":false,"showFlares":true,"showImageEffects":true,"showParticleSystems":true},"in2DMode":false,"pivot":{"x":-2.5903639793395998,"y":0.8187770843505859,"z":22.595317840576173},"rotation":{"x":-0.16654491424560548,"y":0.6955987811088562,"z":-0.17049051821231843,"w":-0.6778663396835327},"size":4.116804122924805,"orthographic":false}