{"cameraMode":{"drawMode":0,"name":"Shaded","section":"Shading Mode"},"sceneLighting":false,"audioPlay":false,"sceneViewState":{"showFog":false,"showMaterialUpdate":true,"showSkybox":false,"showFlares":true,"showImageEffects":true,"showParticleSystems":true},"in2DMode":false,"pivot":{"x":152.4199981689453,"y":0.29600000381469729,"z":61.099998474121097},"rotation":{"x":-0.07974361628293991,"y":-0.012671430595219136,"z":0.001156425103545189,"w":-0.996795654296875},"size":22.0,"orthographic":false}