{"cameraMode":{"drawMode":0,"name":"Shaded","section":"Shading Mode"},"sceneLighting":false,"audioPlay":false,"sceneViewState":{"showFog":false,"showMaterialUpdate":true,"showSkybox":false,"showFlares":true,"showImageEffects":true,"showParticleSystems":true},"in2DMode":false,"pivot":{"x":-2.059999942779541,"y":0.9399999976158142,"z":0.0},"rotation":{"x":-0.24384430050849915,"y":0.6592962741851807,"z":-0.23967555165290833,"w":-0.6697263121604919},"size":0.6858918070793152,"orthographic":false}