{"cameraMode":{"drawMode":0,"name":"Shaded","section":"Shading Mode"},"sceneLighting":false,"audioPlay":false,"sceneViewState":{"showFog":false,"showMaterialUpdate":true,"showSkybox":false,"showFlares":true,"showImageEffects":true,"showParticleSystems":true},"in2DMode":false,"pivot":{"x":0.0,"y":1.6699999570846558,"z":7.539999961853027},"rotation":{"x":0.2163573056459427,"y":0.7083423137664795,"z":-0.24510158598423005,"w":0.6257045865058899},"size":3.4352409839630129,"orthographic":false}