{"cameraMode":{"drawMode":0,"name":"Shaded","section":"Shading Mode"},"sceneLighting":false,"audioPlay":false,"sceneViewState":{"showFog":false,"showMaterialUpdate":true,"showSkybox":false,"showFlares":true,"showImageEffects":true,"showParticleSystems":true},"in2DMode":false,"pivot":{"x":-0.05274248123168945,"y":4.789979934692383,"z":1.4402804374694825},"rotation":{"x":-0.13030728697776795,"y":-0.04827427119016647,"z":0.006483698729425669,"w":-0.9903457164764404},"size":29.24149513244629,"orthographic":false}