{"cameraMode":{"drawMode":0,"name":"Shaded","section":"Shading Mode"},"sceneLighting":false,"audioPlay":false,"sceneViewState":{"showFog":false,"showMaterialUpdate":true,"showSkybox":false,"showFlares":true,"showImageEffects":true,"showParticleSystems":true},"in2DMode":false,"pivot":{"x":-9.986044883728028,"y":26.216442108154298,"z":-21.336971282958986},"rotation":{"x":0.0021142885088920595,"y":0.9977604150772095,"z":0.052105557173490527,"w":-0.04381237551569939},"size":5.280527591705322,"orthographic":false}