{"cameraMode":{"drawMode":0,"name":"Shaded","section":"Shading Mode"},"sceneLighting":false,"audioPlay":false,"sceneViewState":{"showFog":false,"showMaterialUpdate":true,"showSkybox":false,"showFlares":true,"showImageEffects":true,"showParticleSystems":true},"in2DMode":false,"pivot":{"x":-7.952445030212402,"y":26.86960220336914,"z":-20.4083194732666},"rotation":{"x":0.026635227724909784,"y":-0.9537255167961121,"z":0.08775768429040909,"w":0.2866232395172119},"size":5.641137599945068,"orthographic":false}