{"cameraMode":{"drawMode":0,"name":"Shaded","section":"Shading Mode"},"sceneLighting":false,"audioPlay":false,"sceneViewState":{"showFog":false,"showMaterialUpdate":true,"showSkybox":false,"showFlares":true,"showImageEffects":true,"showParticleSystems":true},"in2DMode":false,"pivot":{"x":0.8201068639755249,"y":0.4054732322692871,"z":1.2619038820266724},"rotation":{"x":0.18952736258506776,"y":0.2812674939632416,"z":-0.05706758424639702,"w":0.9390787482261658},"size":0.8992494940757752,"orthographic":false}