{"cameraMode":{"drawMode":0,"name":"Shaded","section":"Shading Mode"},"sceneLighting":true,"audioPlay":false,"sceneViewState":{"showFog":false,"showMaterialUpdate":true,"showSkybox":true,"showFlares":true,"showImageEffects":true,"showParticleSystems":true},"in2DMode":false,"pivot":{"x":-2.4961814880371095,"y":2.3046932220458986,"z":0.75},"rotation":{"x":0.0794849619269371,"y":0.7867411375045776,"z":-0.10341454297304154,"w":0.6034423112869263},"size":1.5621236562728882,"orthographic":false}