{"cameraMode":{"drawMode":0,"name":"Shaded","section":"Shading Mode"},"sceneLighting":false,"audioPlay":false,"sceneViewState":{"showFog":false,"showMaterialUpdate":true,"showSkybox":false,"showFlares":true,"showImageEffects":true,"showParticleSystems":true},"in2DMode":false,"pivot":{"x":-9.507549285888672,"y":25.929035186767579,"z":-20.524545669555665},"rotation":{"x":0.2146414965391159,"y":-0.6709355115890503,"z":0.21226537227630616,"w":0.677403450012207},"size":3.506852626800537,"orthographic":false}