{"cameraMode":{"drawMode":0,"name":"Shaded","section":"Shading Mode"},"sceneLighting":false,"audioPlay":false,"sceneViewState":{"showFog":false,"showMaterialUpdate":true,"showSkybox":false,"showFlares":true,"showImageEffects":true,"showParticleSystems":true},"in2DMode":false,"pivot":{"x":3.2760000228881838,"y":0.7032147645950317,"z":-0.039644718170166019},"rotation":{"x":-0.07974361628293991,"y":-0.012671430595219136,"z":0.001156425103545189,"w":-0.996795654296875},"size":7.981533050537109,"orthographic":false}