{"cameraMode":{"drawMode":0,"name":"Shaded","section":"Shading Mode"},"sceneLighting":false,"audioPlay":false,"sceneViewState":{"showFog":false,"showMaterialUpdate":true,"showSkybox":false,"showFlares":true,"showImageEffects":true,"showParticleSystems":true},"in2DMode":false,"pivot":{"x":150.57000732421876,"y":1.2094945907592774,"z":57.90511703491211},"rotation":{"x":0.06844370067119599,"y":0.6968538165092468,"z":-0.06710629165172577,"w":0.7107921838760376},"size":1.3814849853515626,"orthographic":false}