{"cameraMode":{"drawMode":0,"name":"Shaded","section":"Shading Mode"},"sceneLighting":false,"audioPlay":false,"sceneViewState":{"showFog":false,"showMaterialUpdate":true,"showSkybox":false,"showFlares":true,"showImageEffects":true,"showParticleSystems":true},"in2DMode":false,"pivot":{"x":-2.6029796600341799,"y":0.8821476101875305,"z":24.99997329711914},"rotation":{"x":0.2221447080373764,"y":-0.24213837087154389,"z":0.056805483996868137,"w":0.9428424835205078},"size":3.479536294937134,"orthographic":false}