{"cameraMode":{"drawMode":0,"name":"Shaded","section":"Shading Mode"},"sceneLighting":false,"audioPlay":false,"sceneViewState":{"showFog":false,"showMaterialUpdate":true,"showSkybox":false,"showFlares":true,"showImageEffects":true,"showParticleSystems":true},"in2DMode":false,"pivot":{"x":-7.869999885559082,"y":25.14000129699707,"z":-40.27000045776367},"rotation":{"x":0.19159214198589326,"y":-0.7261839509010315,"z":0.22355572879314423,"w":0.6213696002960205},"size":2.9244441986083986,"orthographic":false}