{"cameraMode":{"drawMode":0,"name":"Shaded","section":"Shading Mode"},"sceneLighting":false,"audioPlay":false,"sceneViewState":{"showFog":false,"showMaterialUpdate":true,"showSkybox":false,"showFlares":true,"showImageEffects":true,"showParticleSystems":true},"in2DMode":false,"pivot":{"x":150.57000732421876,"y":1.2094945907592774,"z":64.92570495605469},"rotation":{"x":-0.04451319947838783,"y":0.7545886635780335,"z":-0.05146877095103264,"w":-0.652668833732605},"size":1.3814849853515626,"orthographic":false}