{"cameraMode":{"drawMode":0,"name":"Shaded","section":"Shading Mode"},"sceneLighting":false,"audioPlay":false,"sceneViewState":{"showFog":false,"showMaterialUpdate":true,"showSkybox":false,"showFlares":true,"showImageEffects":true,"showParticleSystems":true},"in2DMode":false,"pivot":{"x":-8.882444381713868,"y":26.656600952148439,"z":-20.976764678955079},"rotation":{"x":0.03819991648197174,"y":-0.9613756537437439,"z":0.17434713244438172,"w":0.2098412811756134},"size":1.8140958547592164,"orthographic":false}